Wavelength (nm),Rayleigh Length (m)
190.0,174.58964076153842
191.0,178.29445542374523
192.0,182.05792275840966
193.0,185.8806585754788
194.0,189.7632819010433
195.0,193.7064149773399
196.0,197.71068326275338
197.0,201.7767154318187
198.0,205.90514337522356
199.0,210.0966021998101
200.0,214.35173022857725
201.0,218.67116900068305
202.0,223.0555632714464
203.0,227.5055610123495
204.0,232.02181341103983
205.0,236.60497487133216
206.0,241.2557030132109
207.0,245.9746586728319
208.0,250.76250590252468
209.0,255.61991197079442
210.0,260.547547362324
211.0,265.54608577797615
212.0,270.6162041347953
213.0,275.75858256600975
214.0,280.97390442103364
215.0,286.2628562654688
216.0,291.62612788110727
217.0,297.0644122659322
218.0,302.5784056341212
219.0,308.16880741604723
220.0,313.8363202582809
221.0,319.5816500235927
222.0,325.40550579095446
223.0,331.3085998555417
224.0,337.29164772873503
225.0,343.3553681381227
226.0,349.5004830275022
227.0,355.72771755688166
228.0,362.0378001024829
229.0,368.431462256742
230.0,374.9094388283121
231.0,381.47246784206493
232.0,388.1212905390926
233.0,394.85665137670964
234.0,401.6792980284544
235.0,408.5899813840915
236.0,415.58945554961326
237.0,422.67847784724154
238.0,429.8578088154297
239.0,437.12821220886406
240.0,444.49045499846625
241.0,451.9453073713944
242.0,459.4935427310453
243.0,467.135937697056
244.0,474.8732721053057
245.0,482.7063290079173
246.0,490.63589467325926
247.0,498.6627585859474
248.0,506.7877134468467
249.0,515.0115551730727
250.0,523.3350828979934
251.0,531.7590989712311
252.0,540.2844089586639
253.0,548.9118216424275
254.0,557.642149020917
255.0,566.4762063087883
256.0,575.41481193696
257.0,584.4587875526148
258.0,593.6089580192017
259.0,602.8661514164374
260.0,612.2311990403072
261.0,621.7049354030679
262.0,631.2881982332487
263.0,640.9818284756531
264.0,650.78667029136
265.0,660.7035710577263
266.0,670.7333813683875
267.0,680.8769550332601
268.0,691.1351490785423
269.0,701.5088237467169
270.0,711.9988424965514
271.0,722.6060720031007
272.0,733.3313821577085
273.0,744.175646068008
274.0,755.1397400579247
275.0,766.2245436676772
276.0,777.4309396537788
277.0,788.7598139890395
278.0,800.2120558625668
279.0,811.7885576797682
280.0,823.4902150623519
281.0,835.3179268483284
282.0,847.2725950920127
283.0,859.3551250640251
284.0,871.566425251293
285.0,883.9074073570523
286.0,896.3789863008491
287.0,908.9820802185411
288.0,921.7176104622989
289.0,934.5865016006078
290.0,947.5896814182688
291.0,960.7280809164008
292.0,974.0026343124416
293.0,987.4142790401489
294.0,1000.9639557496032
295.0,1014.6526083072074
296.0,1028.4811837956895
297.0,1042.4506325141044
298.0,1056.5619079778332
299.0,1070.8159669185877
300.0,1085.213769284409
301.0,1099.7562782396708
302.0,1114.44446016508
303.0,1129.279284657678
304.0,1144.2617245308431
305.0,1159.3927558142902
306.0,1174.6733577540742
307.0,1190.1045128125895
308.0,1205.6872066685733
309.0,1221.4224282171047
310.0,1237.311169569608
311.0,1253.3544260538538
312.0,1269.5531962139596
313.0,1285.9084818103915
314.0,1302.4212878199655
315.0,1319.0926224358493
316.0,1335.9234970675634
317.0,1352.9149263409822
318.0,1370.0679280983356
319.0,1387.3835233982104
320.0,1404.862736515551
321.0,1422.5065949416621
322.0,1440.3161293842081
323.0,1458.2923737672172
324.0,1476.4363652310792
325.0,1494.7491441325496
326.0,1513.23175404475
327.0,1531.885241757169
328.0,1550.710657275664
329.0,1569.7090538224631
330.0,1588.8814878361643
331.0,1608.2290189717394
332.0,1627.7527101005332
333.0,1647.4536273102665
334.0,1667.3328399050356
335.0,1687.3914204053156
336.0,1707.6304445479593
337.0,1728.0509912862005
338.0,1748.6541427896552
339.0,1769.4409844443207
340.0,1790.4126048525793
341.0,1811.5700958331984
342.0,1832.9145524213322
343.0,1854.4470728685221
344.0,1876.1687586426985
345.0,1898.0807144281835
346.0,1920.1840481256888
347.0,1942.4798708523201
348.0,1964.9692969415767
349.0,1987.6534439433533
350.0,2010.5334326239406
351.0,2033.6103869660271
352.0,2056.885434168701
353.0,2080.359704647449
354.0,2104.034332034161
355.0,2127.9104531771272
356.0,2151.9892081410435
357.0,2176.2717402070098
358.0,2200.7591958725316
359.0,2225.452724851523
360.0,2250.3534800743055
361.0,2275.4626176876104
362.0,2300.7812970545806
363.0,2326.3106807547697
364.0,2352.0519345841462
365.0,2378.006227555091
366.0,2404.1747318964017
367.0,2430.5586230532936
368.0,2457.1590796873975
369.0,2483.9772836767643
370.0,2511.0144201158664
371.0,2538.271677315596
372.0,2565.750246803267
373.0,2593.4513233226203
374.0,2621.3761048338174
375.0,2649.5257925134483
376.0,2677.9015907545295
377.0,2706.5047071665063
378.0,2735.336352575251
379.0,2764.3977410230696
380.0,2793.6900897686974
381.0,2823.214619287303
382.0,2852.9725532704892
383.0,2882.965118626293
384.0,2913.193545479189
385.0,2943.6590671700865
386.0,2974.362920256335
387.0,3005.306344511723
388.0,3036.4905829264785
389.0,3067.916881707273
390.0,3099.5864902772187
391.0,3131.5006612758725
392.0,3163.660650559236
393.0,3196.0677171997568
394.0,3228.7231234863293
395.0,3261.6281349242972
396.0,3294.784020235451
397.0,3328.1920513580344
398.0,3361.85350344674
399.0,3395.7696548727135
400.0,3429.9417872235554
401.0,3464.3711853033187
402.0,3499.0591371325136
403.0,3534.0069339481065
404.0,3569.215870203521
405.0,3604.68724356864
406.0,3640.422354929806
407.0,3676.4225083898227
408.0,3712.689011267956
409.0,3749.2231740999346
410.0,3786.02631063795
411.0,3823.0997378506604
412.0,3860.44477592319
413.0,3898.062748257128
414.0,3935.954981470536
415.0,3974.1228053979403
416.0,4012.5675530903395
417.0,4051.2905608152046
418.0,4090.2931680564766
419.0,4129.57671751457
420.0,4169.142555106378
421.0,4208.992029965261
422.0,4249.126494441063
423.0,4289.547304100102
424.0,4330.255817725176
425.0,4371.2533973155605
426.0,4412.541408087012
427.0,4454.121218471771
428.0,4495.9942001185545
429.0,4538.16172789257
430.0,4580.625179875503
431.0,4623.385937365529
432.0,4666.445384877308
433.0,4709.804910141986
434.0,4753.4659041072
435.0,4797.429760937075
436.0,4841.697878012226
437.0,4886.27165592976
438.0,4931.152498503274
439.0,4976.341812762863
440.0,5021.841008955111
441.0,5067.651500543099
442.0,5113.7747042064075
443.0,5160.212039841109
444.0,5206.964930559774
445.0,5254.034802691479
446.0,5301.423085781792
447.0,5349.131212592787
448.0,5397.160619103038
449.0,5445.5127445076205
450.0,5494.189031218119
451.0,5543.190924862616
452.0,5592.5198742857065
453.0,5642.177331548486
454.0,5692.164751928559
455.0,5742.483593920042
456.0,5793.135319233557
457.0,5844.12139279624
458.0,5895.443282751734
459.0,5947.102460460195
460.0,5999.100400498298
461.0,6051.438580659225
462.0,6104.118481952676
463.0,6157.141588604866
464.0,6210.509388058529
465.0,6264.223370972914
466.0,6318.28503122379
467.0,6372.695865903445
468.0,6427.4573753206905
469.0,6482.571063000855
470.0,6538.038435685791
471.0,6593.861003333876
472.0,6650.0402791200095
473.0,6706.577779435615
474.0,6763.475023888648
475.0,6820.733535303584
476.0,6878.354839721427
477.0,6936.340466399715
478.0,6994.691947812511
479.0,7053.410819650408
480.0,7112.498620820533
481.0,7171.956893446544
482.0,7231.787182868631
483.0,7291.991037643521
484.0,7352.570009544474
485.0,7413.5256535612825
486.0,7474.859527900282
487.0,7536.573193984342
488.0,7598.66821645287
489.0,7661.146163161813
490.0,7724.00860518366
491.0,7787.257116807439
492.0,7850.893275538719
493.0,7914.918662099616
494.0,7979.334860428784
495.0,8044.143457681426
496.0,8109.346044229288
497.0,8174.944213660663
498.0,8240.93956278039
499.0,8307.333691609858
500.0,8374.128203387001
501.0,8441.324704566307
502.0,8508.924804818813
503.0,8576.930117032105
504.0,8645.342257310323
505.0,8714.162844974162
506.0,8783.393502560866
507.0,8853.035855824239
508.0,8923.091533734636
509.0,8993.56216847897
510.0,9064.449395460713
511.0,9135.754853299892
512.0,9207.480183833095
513.0,9279.62703211347
514.0,9352.197046410722
515.0,9425.191878211122
516.0,9498.613182217501
517.0,9572.462616349254
518.0,9646.741841742336
519.0,9721.452522749272
520.0,9796.59632693915
521.0,9872.174925097623
522.0,9948.189991226913
523.0,10024.64320254581
524.0,10101.536239489673
525.0,10178.870785710427
526.0,10256.648528076574
527.0,10334.87115667318
528.0,10413.540364801887
529.0,10492.657848980909
530.0,10572.225308945035
531.0,10652.244447645626
532.0,10732.71697125062
533.0,10813.64458914453
534.0,10895.029013928446
535.0,10976.871961420036
536.0,11059.175150653546
537.0,11141.940303879801
538.0,11225.169146566204
539.0,11308.863407396748
540.0,11393.024818271995
541.0,11477.655114309098
542.0,11562.756033841788
543.0,11648.329318420381
544.0,11734.376712811783
545.0,11820.899964999478
546.0,11907.900826183542
547.0,11995.381050780636
548.0,12083.342396424006
549.0,12171.786623963493
550.0,12260.715497465519
551.0,12350.130784213105
552.0,12440.034254705855
553.0,12530.427682659974
554.0,12621.312845008248
555.0,12712.691521900064
556.0,12804.565496701405
557.0,12896.936555994842
558.0,12989.806489579543
559.0,13083.17709047128
560.0,13177.050154902408
561.0,13271.427482321893
562.0,13366.310875395297
563.0,13461.702140004772
564.0,13557.603085249082
565.0,13654.015523443586
566.0,13750.941270120244
567.0,13848.382144027622
568.0,13946.339967130887
569.0,14044.816564611809
570.0,14143.813764868764
571.0,14243.333399516734
572.0,14343.377303387304
573.0,14443.947314528668
574.0,14545.045274205631
575.0,14646.6730268996
576.0,14748.832420308596
577.0,14851.525305347246
578.0,14954.75353614679
579.0,15058.518970055082
580.0,15162.82346763658
581.0,15267.668892672362
582.0,15373.057112160117
583.0,15478.98999631415
584.0,15585.469418565379
585.0,15692.497255561335
586.0,15800.075387166175
587.0,15908.20569646066
588.0,16016.890069742181
589.0,16126.130396524739
590.0,16235.928569538959
591.0,16346.286484732083
592.0,16457.20604126798
593.0,16568.68914152713
594.0,16680.737691106646
595.0,16793.35359882026
596.0,16906.53877669832
597.0,17020.295139987815
598.0,17134.624607152342
599.0,17249.529099872132
600.0,17365.010543044045
601.0,17481.070864781563
602.0,17597.711996414797
603.0,17714.93587249049
604.0,17832.744430772007
605.0,17951.139612239353
606.0,18070.123361089158
607.0,18189.69762473468
608.0,18309.864353805817
609.0,18430.625502149094
610.0,18551.983026827675
611.0,18673.938888121353
612.0,18796.49504952656
613.0,18919.65347775635
614.0,19043.416142740443
615.0,19167.785017625163
616.0,19292.7620787735
617.0,19418.349305765056
618.0,19544.548681396092
619.0,19671.362191679502
620.0,19798.79182584482
621.0,19926.839576338218
622.0,20055.50743882252
623.0,20184.79741217718
624.0,20314.71149849831
625.0,20445.251703098642
626.0,20576.420034507588
627.0,20708.218504471166
628.0,20840.649127952074
629.0,20973.71392312963
630.0,21107.41491139982
631.0,21241.75411737527
632.0,21376.733568885244
633.0,21512.355296975667
634.0,21648.621335909123
635.0,21785.533723164823
636.0,21923.09449943865
637.0,22061.305708643125
638.0,22200.169397907433
639.0,22339.68761757741
640.0,22479.862421215534
641.0,22620.695865600952
642.0,22762.190010729464
643.0,22904.34691981352
644.0,23047.168659282226
645.0,23190.65729878136
646.0,23334.81491117334
647.0,23479.64357253725
648.0,23625.145362168834
649.0,23771.3223625805
650.0,23918.176659501303
651.0,24065.710341876977
652.0,24213.925501869904
653.0,24362.824234859134
654.0,24512.408639440386
655.0,24662.68081742603
656.0,24813.642873845114
657.0,24965.29691694333
658.0,25117.645058183072
659.0,25270.689412243366
660.0,25424.432097019922
661.0,25578.875233625113
662.0,25734.020946387976
663.0,25889.871362854235
664.0,26046.428613786265
665.0,26203.694833163114
666.0,26361.67215818051
667.0,26520.362729250843
668.0,26679.76869000318
669.0,26839.892187283265
670.0,27000.73537115351
671.0,27162.300394893
672.0,27324.589414997496
673.0,27487.604591179443
674.0,27651.348086367943
675.0,27815.822066708795
676.0,27981.028701564468
677.0,28146.9701635141
678.0,28313.648628353523
679.0,28481.066275095236
680.0,28649.22528596842
681.0,28818.127846418945
682.0,28987.776145109357
683.0,29158.17237391888
684.0,29329.31872794342
685.0,29501.217405495572
686.0,29673.87060810462
687.0,29847.28054051651
688.0,30021.44941069389
689.0,30196.3794298161
690.0,30372.07281227915
691.0,30548.53177569574
692.0,30725.75854089527
693.0,30903.75533192381
694.0,31082.52437604413
695.0,31262.067903735686
696.0,31442.388148694627
697.0,31623.48734783378
698.0,31805.367741282684
699.0,31988.031572387557
700.0,32171.481087711298
701.0,32355.71853703353
702.0,32540.746173350533
703.0,32726.56625287531
704.0,32913.18103503754
705.0,33100.59278248361
706.0,33288.8037610766
707.0,33477.816239896274
708.0,33667.632491239114
709.0,33858.25479061828
710.0,34049.68541676364
711.0,34241.92665162176
712.0,34434.980780355916
713.0,34628.85009134606
714.0,34823.53687618886
715.0,35019.0434296977
716.0,35215.37204990262
717.0,35412.52503805041
718.0,35610.50469860454
719.0,35809.3133392452
720.0,36008.95327086926
721.0,36209.426807590295
722.0,36410.736266738626
723.0,36612.883968861235
724.0,36815.87223772184
725.0,37019.70340030083
726.0,37224.37978679535
727.0,37429.90373061922
728.0,37636.27756840296
729.0,37843.50363999385
730.0,38051.58428845583
731.0,38260.52186006956
732.0,38470.318704332436
733.0,38680.97717395854
734.0,38892.49962487868
735.0,39104.88841624036
736.0,39318.14591040783
737.0,39532.274472962024
738.0,39747.2764727006
739.0,39963.15428163793
740.0,40179.91027500511
741.0,40397.54683124994
742.0,40616.066332036964
743.0,40835.4711622474
744.0,41055.76370997922
745.0,41276.9463665471
746.0,41499.02152648243
747.0,41721.99158753334
748.0,41945.85895066467
749.0,42170.62602005796
750.0,42396.29520311151
751.0,42622.868910440324
752.0,42850.34955587612
753.0,43078.73955646734
754.0,43308.04133247918
755.0,43538.25730739351
756.0,43769.38990790898
757.0,44001.44156394092
758.0,44234.41470862141
759.0,44468.31177829925
760.0,44703.13521253997
761.0,44938.88745412583
762.0,45175.5709490558
763.0,45413.18814654562
764.0,45651.7414990277
765.0,45891.23346215125
766.0,46131.66649478215
767.0,46373.04305900304
768.0,46615.365620113276
769.0,46858.63664662898
770.0,47102.858610282965
771.0,47348.033986024806
772.0,47594.1652520208
773.0,47841.254889653974
774.0,48089.305383524115
775.0,48338.31922144772
776.0,48588.298894458014
777.0,48839.24689680499
778.0,49091.16572595536
779.0,49344.05788259257
780.0,49597.925870616826
781.0,49852.772197145045
782.0,50108.59937251089
783.0,50365.40991026479
784.0,50623.20632717388
785.0,50881.991143222054
786.0,51141.76688160995
787.0,51402.536068754926
788.0,51664.30123429112
789.0,51927.06491106938
790.0,52190.829635157315
791.0,52455.59794583926
792.0,52721.37238561633
793.0,52988.155500206354
794.0,53255.949838543915
795.0,53524.75795278034
796.0,53794.58239828372
797.0,54065.42573363887
798.0,54337.29052064736
799.0,54610.179324327524
800.0,54884.094712914426
801.0,55159.03925785989
802.0,55435.01553383249
803.0,55712.02611871755
804.0,55990.073593617126
805.0,56269.16054285006
806.0,56549.28955395192
807.0,56830.46321767505
808.0,57112.68412798851
809.0,57395.95488207817
810.0,57680.278080346594
811.0,57965.65632641313
812.0,58252.092227113906
813.0,58539.588392501755
814.0,58828.1474358463
815.0,59117.77197363391
816.0,59408.46462556772
817.0,59700.22801456762
818.0,59993.06476677025
819.0,60286.97751152902
820.0,60581.968881414075
821.0,60878.041512212374
822.0,61175.19804292758
823.0,61473.44111578015
824.0,61772.77337620728
825.0,62073.19747286296
826.0,62374.71605761791
827.0,62677.331785559625
828.0,62981.04731499237
829.0,63285.86530743718
830.0,63591.78842763183
831.0,63898.81934353089
832.0,64206.960726305675
833.0,64516.21525034426
834.0,64826.58559325152
835.0,65138.07443584906
836.0,65450.684462175275
837.0,65764.41835948534
838.0,66079.27881825114
839.0,66395.26853216143
840.0,66712.39019812162
841.0,67030.64651625398
842.0,67350.04018989751
843.0,67670.57392560798
844.0,67992.25043315795
845.0,68315.07242553675
846.0,68639.04261895047
847.0,68964.16373282198
848.0,69290.43848979092
849.0,69617.8696157137
850.0,69946.45983966354
851.0,70276.21189393038
852.0,70607.12851402098
853.0,70939.21243865887
854.0,71272.46640978432
855.0,71606.89317255444
856.0,71942.49547534305
857.0,72279.27606974081
858.0,72617.23771055511
859.0,72956.38315581017
860.0,73296.71516674692
861.0,73638.23650782314
862.0,73980.94994671334
863.0,74324.85825430886
864.0,74669.96420471776
865.0,75016.27057526495
866.0,75363.78014649209
867.0,75712.4957021576
868.0,76062.42002923673
869.0,76413.55591792148
870.0,76765.90616162065
871.0,77119.4735569598
872.0,77474.26090378135
873.0,77830.2710051444
874.0,78187.50666732494
875.0,78545.97069981566
876.0,78905.66591532608
877.0,79266.59512978254
878.0,79628.76116232808
879.0,79992.16683532264
880.0,80356.81497434285
881.0,80722.70840818218
882.0,81089.84996885089
883.0,81458.24249157605
884.0,81827.88881480144
885.0,82198.79178018773
886.0,82570.95423261233
887.0,82944.37902016946
888.0,83319.06899417013
889.0,83695.02700914211
890.0,84072.25592283004
891.0,84450.75859619529
892.0,84830.53789341604
893.0,85211.59668188728
894.0,85593.9378322208
895.0,85977.56421824517
896.0,86362.47871700575
897.0,86748.68420876474
898.0,87136.18357700107
899.0,87524.97970841054
900.0,87915.0754929057
901.0,88306.47382361595
902.0,88699.17759688741
903.0,89093.1897122831
904.0,89488.51307258276
905.0,89885.15058378296
906.0,90283.10515509709
907.0,90682.3796989553
908.0,91082.97713100459
909.0,91484.90037010873
910.0,91888.15233834833
911.0,92292.73596102078
912.0,92698.65416664025
913.0,93105.90988693775
914.0,93514.50605686111
915.0,93924.44561457491
916.0,94335.73150146061
917.0,94748.36666211643
918.0,95162.35404435736
919.0,95577.6965992153
920.0,95994.39728093888
921.0,96412.45904699355
922.0,96831.88485806162
923.0,97252.67767804214
924.0,97674.84047405099
925.0,98098.3762164209
926.0,98523.28787870139
927.0,98949.57843765878
928.0,99377.25087327619
929.0,99806.30816875357
930.0,100236.75331050772
931.0,100668.58928817221
932.0,101101.81909459739
933.0,101536.44572585053
934.0,101972.4721812156
935.0,102409.90146319348
936.0,102848.7365775018
937.0,103288.98053307504
938.0,103730.63634206446
939.0,104173.70701983823
940.0,104618.1955849812
941.0,105064.10505929515
942.0,105511.43846779862
943.0,105960.19883872702
944.0,106410.38920353254
945.0,106862.01259688417
946.0,107315.07205666778
947.0,107769.570623986
948.0,108225.51134315836
949.0,108682.89726172113
950.0,109141.73143042743
951.0,109602.01690324723
952.0,110063.7567373673
953.0,110526.9539931912
954.0,110991.6117343394
955.0,111457.73302764911
956.0,111925.32094317443
957.0,112394.37855418623
958.0,112864.90893717224
959.0,113336.915171837
960.0,113810.4003411019
961.0,114285.36753110512
962.0,114761.8198312017
963.0,115239.7603339635
964.0,115719.19213517921
965.0,116200.11833385433
966.0,116682.54203221122
967.0,117166.46633568905
968.0,117651.89435294381
969.0,118138.82919584835
970.0,118627.27397949233
971.0,119117.23182218225
972.0,119608.70584544144
973.0,120101.69917401006
974.0,120596.21493584511
975.0,121092.25626212043
976.0,121589.82628722668
977.0,122088.92814877133
978.0,122589.56498757872
979.0,123091.73994769003
980.0,123595.45617636328
981.0,124100.71682407329
982.0,124607.52504451171
983.0,125115.88399458709
984.0,125625.79683442475
985.0,126137.26672736689
986.0,126650.29683997255
987.0,127164.89034201759
988.0,127681.05040649467
989.0,128198.7802096134
990.0,128718.0829308001
991.0,129238.96175269804
992.0,129761.41986116726
993.0,130285.46044528468
994.0,130811.08669734401
995.0,131338.30181285588
996.0,131867.1089905477
997.0,132397.51143236374
998.0,132929.51234346515
999.0,133463.11493222983
1000.0,133998.32241025264
